Locus ID,Rs ID,Variant ID,Chr.,Position,Gene name,Gene
1,rs2258734,1:2483961:G:A,1,"2,483,961",TNFRSF14-AS1,ncRNA_exonic
2,esv3585367,1:17676165:A:<CN0>,1,"17,676,165",PADI4,intronic
3,rs7540342,1:38622268:T:C,1,"38,622,268","MIR3659(dist=67267),LINC01343(dist=52438)",intergenic
4,rs41269479,1:42166782:G:A,1,"42,166,782",HIVEP3,intronic
5,rs4655698,1:67798327:T:G,1,"67,798,327",IL12RB2,intronic
6,rs41313373,1:92940411:C:T,1,"92,940,411","GFI1(NM_005263:c.*1175G>A,NM_001127215:c.*1175G>A,NM_001127216:c.*1175G>A)",UTR3
7,rs2476601,1:114377568:A:G,1,"114,377,568",PTPN22,exonic
8,rs798000,1:117280696:C:T,1,"117,280,696","C1orf137(dist=31471),CD2(dist=16356)",intergenic
9,rs12126142,1:154425456:G:A,1,"154,425,456",IL6R,intronic
10,rs2317231,1:157686337:G:T,1,"157,686,337","FCRL3(dist=15778),FCRL2(dist=29186)",intergenic
11,rs10917571,1:161519411:C:A,1,"161,519,411",FCGR3A,intronic
12,rs6681482,1:173306646:G:A,1,"173,306,646",LOC100506023,ncRNA_intronic
13,rs12145329,1:186604505:T:C,1,"186,604,505","PDC-AS1(dist=165082),PTGS2(dist=36418)",intergenic
14,rs28398409,1:198584022:A:G,1,"198,584,022","ATP6V1G3(dist=73947),PTPRC(dist=24076)",intergenic
15,rs1188620266,1:235800357:CAA:C,1,"235,800,357",GNG4,intronic
16,rs10175798,2:30449594:G:A,2,"30,449,594","SNORA10B(dist=39162),LBH(dist=4806)",intergenic
17,rs55963299,2:61097583:A:G,2,"61,097,583",LINC01185,ncRNA_intronic
18,rs74313386,2:65598906:G:GA,2,"65,598,906",SPRED2,intronic
19,rs143259280,2:70209168:TATCCATCC:T,2,"70,209,168",PCBP1-AS1,ncRNA_intronic
20,rs28421442,2:74219615:T:A,2,"74,219,615",TET3,intronic
21,rs12712065,2:100761105:C:G,2,"100,761,105","AFF3(dist=2053),LINC01104(dist=63611)",intergenic
22,rs13396472,2:111605238:A:C,2,"111,605,238",ACOXL,intronic
23,rs11889341,2:191943742:C:T,2,"191,943,742",STAT4,intronic
24,rs10497813,2:198914072:G:T,2,"198,914,072",PLCL1,intronic
25,rs2141331,2:202151492:C:T,2,"202,151,492","CASP8(NM_001228:c.*175C>T,NM_033355:c.*175C>T,NM_001080124:c.*175C>T,NM_001080125:c.*175C>T,NM_033356:c.*175C>T,NM_001372051:c.*175C>T)",UTR3
26,rs3087243,2:204738919:G:A,2,"204,738,919",CTLA4(dist=231),downstream
27,rs77574423,3:11984744:G:A,3,"11,984,744","TAMM41(dist=96385),SYN2(dist=61090)",intergenic
28,rs5019428,3:17046866:G:A,3,"17,046,866",PLCL2,intronic
29,rs9880772,3:27777779:G:A,3,"27,777,779","EOMES(dist=13573),LINC01980(dist=61300)",intergenic
30,rs62264113,3:127292333:G:A,3,"127,292,333","TPRA1(NM_001353001:c.*31C>T,NM_001353002:c.*31C>T,NM_001353006:c.*107C>T,NM_001353003:c.*31C>T,NM_001353005:c.*31C>T,NM_001353007:c.*31C>T,NM_001353004:c.*31C>T,NM_001142646:c.*107C>T,NM_001136053:c.*31C>T)",UTR3
31,rs9826420,3:136317506:G:C,3,"136,317,506",STAG1,intronic
32,rs4687070,3:189306650:A:T,3,"189,306,650","TPRG1(dist=263557),TP63(dist=7885)",intergenic
33,rs4690029,4:2722815:T:C,4,"2,722,815",FAM193A,intronic
34,rs6831973,4:10709366:T:C,4,"10,709,366","CLNK(dist=22974),MIR572(dist=661085)",intergenic
35,rs575378713,4:26117568:T:TA,4,"26,117,568","SMIM20(dist=186067),RBPJ(dist=203764)",intergenic
36,rs2664035,4:48220839:G:A,4,"48,220,839",TEC,intronic
37,rs138066321,4:80952409:GGTGTGTGCATGCACACACAT:G,4,"80,952,409",ANTXR2,intronic
38,rs58107865,4:109061618:G:C,4,"109,061,618",LEF1,intronic
39,rs6814280,4:123043662:A:G,4,"123,043,662","TRPC3(dist=170447),KIAA1109(dist=48096)",intergenic
40,rs2918392,5:10704797:T:C,5,"10,704,797",DAP,intronic
41,rs56787183,5:40499290:G:A,5,"40,499,290","LINC00603(dist=445864),PTGER4(dist=180727)",intergenic
42,rs7731626,5:55444683:G:A,5,"55,444,683",ANKRD55,intronic
43,rs187579,5:102604933:A:C,5,"102,604,933",C5orf30,intronic
44,rs12519914,5:133839534:C:T,5,"133,839,534","LOC102546229(dist=68796),LINC01843(dist=2709)",intergenic
45,rs244468,5:142604421:A:G,5,"142,604,421","ARHGAP26(NM_015071:c.*2410A>G,NM_001135608:c.*2410A>G,NM_001349547:c.*2410A>G)",UTR3
46,rs1422673,5:150438988:C:T,5,"150,438,988",TNIP1,intronic
47,rs6930468,6:426268:A:G,6,"426,268","IRF4(dist=14825),EXOC2(dist=58886)",intergenic
48,rs12530098,6:14107197:C:T,6,"14,107,197","RNF182(dist=126657),CD83(dist=10290)",intergenic
49,rs113532504,6:15195682:C:T,6,"15,195,682","LINC01108(dist=909997),JARID2(dist=50618)",intergenic
50,rs67318457,6:23925021:A:C,6,"23,925,021","LOC105374972(dist=1206868),NRSN1(dist=201422)",intergenic
51,rs11420145,6:36381936:G:GA,6,"36,381,936",PXT1,intronic
52,rs28362855,6:44234621:G:T,6,"44,234,621","NFKBIE(dist=1333),TMEM151B(dist=3566)",intergenic
53,rs72928038,6:90976768:G:A,6,"90,976,768",BACH2,intronic
54,rs3804333,6:106727215:C:T,6,"106,727,215",ATG5,intronic
55,rs35926684,6:137999562:GA:G,6,"137,999,562","LOC102723649(dist=3872),LINC02539(dist=51744)",intergenic
56,rs2485362,6:159503086:A:G,6,"159,503,086","TAGAP(dist=36902),LOC101929122(dist=83845)",intergenic
57,rs3093017,6:167541258:C:G,6,"167,541,258",CCR6,intronic
58,rs940825,7:17207164:T:G,7,"17,207,164","AGR3(dist=285557),AHR(dist=131112)",intergenic
59,rs182199544,7:27084581:C:T,7,"27,084,581","SKAP2(dist=180372),HOXA1(dist=48033)",intergenic
60,rs6583441,7:50361874:A:T,7,"50,361,874",IKZF1,intronic
61,rs42044,7:92250140:T:G,7,"92,250,140",CDK6,intronic
62,rs6979218,7:99893148:C:G,7,"99,893,148","CASTOR3(dist=23293),SPDYE3(dist=12177)",intergenic
63,rs3757387,7:128576086:T:C,7,"128,576,086","KCP(dist=25323),IRF5(dist=1000)",intergenic
64,rs2736340,8:11343973:C:T,8,"11,343,973","FAM167A(dist=19711),BLK(dist=7923)",intergenic
65,rs10453119,8:81135682:T:C,8,"81,135,682","TPD52(dist=51883),MIR5708(dist=17942)",intergenic
66,rs1264600,8:102453350:T:C,8,"102,453,350","NACA4P(dist=71527),GRHL2(dist=51317)",intergenic
67,rs16903108,8:129576477:T:C,8,"129,576,477",LINC00824,ncRNA_exonic
68,rs11777380,8:134211965:G:A,8,"134,211,965",WISP1,intronic
69,rs911760,9:5438435:C:A,9,"5,438,435",PLGRKT(dist=510),upstream
70,rs2812378,9:34710260:G:A,9,"34,710,260",CCL21(dist=127),upstream
71,rs1953126,9:123640500:T:C,9,"123,640,500",PHF19,intronic
72,rs3134883,10:6100725:G:A,10,"6,100,725",IL2RA,intronic
73,rs10905284,10:8115362:C:A,10,"8,115,362",GATA3,intronic
74,rs793095,10:31385974:C:T,10,"31,385,974","ZNF438(dist=65108),LINC02664(dist=90838)",intergenic
75,rs7097397,10:50025396:G:A,10,"50,025,396",WDFY4,exonic
76,rs7902146,10:63801030:C:T,10,"63,801,030",ARID5B,intronic
77,rs734094,11:2323220:G:A,11,"2,323,220","C11orf21,TSPAN32(dist=23)",upstream
78,rs7943728,11:61547068:G:A,11,"61,547,068",MYRF,intronic
79,rs479777,11:64107477:T:C,11,"64,107,477",CCDC88B(dist=199),upstream
80,rs79145843,11:72404893:C:T,11,"72,404,893",ARAP1,intronic
81,rs4409785,11:95311422:T:C,11,"95,311,422","LOC100129203(dist=343854),FAM76B(dist=190695)",intergenic
82,rs73005423,11:118681079:A:G,11,"118,681,079","DDX6(dist=19206),CXCR5(dist=73522)",intergenic
83,rs10556591,11:128486141:ATG:A,11,"128,486,141","ETS1(dist=28689),LOC101929538(dist=64992)",intergenic
84,rs1427749,12:46370116:C:G,12,"46,370,116",SCAF11,intronic
85,rs705700,12:56389293:T:C,12,"56,389,293","RAB5B(NM_001252036:c.*3297T>C,NM_001252037:c.*3297T>C,NM_002868:c.*3297T>C)",UTR3
86,rs1696466,12:58116397:T:C,12,"58,116,397","OS9(dist=1057),AGAP2(dist=1147)",intergenic
87,rs3184504,12:111884608:T:C,12,"111,884,608",SH2B3,exonic
88,rs61944750,13:28634933:G:A,13,"28,634,933",FLT3,intronic
89,rs9532434,13:40355913:T:C,13,"40,355,913",COG6,intronic
90,rs2147161,13:42982302:A:T,13,"42,982,302","AKAP11(dist=84905),LINC02341(dist=16726)",intergenic
91,rs146492555,14:61926738:A:AT,14,"61,926,738",PRKCH,intronic
92,rs1885013,14:68754695:G:A,14,"68,754,695",RAD51B,intronic
93,rs175714,14:75981856:T:C,14,"75,981,856","JDP2(dist=41046),BATF(dist=6956)",intergenic
94,rs3001423,14:105386511:G:A,14,"105,386,511","CEP170B(dist=23427),PLD4(dist=4705)",intergenic
95,rs6495979,15:38847359:C:T,15,"38,847,359",RASGRP1,intronic
96,rs8026898,15:69991417:G:A,15,"69,991,417","PCAT29(dist=3326),LINC00593(dist=136156)",intergenic
97,rs115284761,15:77326836:T:C,15,"77,326,836",PSTPIP1,intronic
98,rs7171617,15:90904858:G:A,15,"90,904,858",ZNF774(NM_001004309:c.*343G>A),UTR3
99,rs4584833,16:11798758:C:T,16,"11,798,758",TXNDC11,intronic
100,rs34480360,16:30798689:G:A,16,"30,798,689",ZNF629(dist=163),upstream
101,rs9927316,16:86016401:C:G,16,"86,016,401","IRF8(dist=60186),LINC01082(dist=213386)",intergenic
102,rs8073171,17:5147239:G:A,17,"5,147,239","LOC100130950(dist=7941),RABEP1(dist=38340)",intergenic
103,rs11375064,17:25904074:G:GT,17,"25,904,074",KSR1,intronic
104,rs56750287,17:38062944:A:C,17,"38,062,944",GSDMB,intronic
105,rs591549,18:3542247:T:C,18,"3,542,247",DLGAP1,intronic
106,rs7241016,18:12880206:A:G,18,"12,880,206",PTPN2,intronic
107,rs371734407,18:60009634:C:CAAAAAAAAAA,18,"60,009,634",TNFRSF11A,intronic
108,rs143107126,18:67547439:AAGGC:A,18,"67,547,439",CD226,intronic
109,rs10415976,19:941603:A:G,19,"941,603",ARID3A,intronic
110,rs34536443,19:10463118:G:C,19,"10,463,118",TYK2,exonic
111,rs55762233,19:19367319:C:G,19,"19,367,319",HAPLN4(NM_023002:c.*1307G>C),UTR3
112,rs28373672,19:36213072:A:G,19,"36,213,072",KMT2B,intronic
113,rs8106598,19:52017940:C:T,19,"52,017,940","SIGLEC12(dist=12886),SIGLEC6(dist=3133)",intergenic
114,rs1883832,20:44746982:T:C,20,"44,746,982","CD40(NM_001250:c.-1T>C,NM_001322422:c.-1T>C,NM_001322421:c.-1T>C,NM_152854:c.-1T>C,NM_001302753:c.-1T>C,NM_001362758:c.-1T>C)",UTR5
115,rs4809371,20:62480898:C:T,20,"62,480,898","ZBTB46(dist=18281),ABHD16B(dist=11668)",intergenic
116,rs2300373,21:34788739:A:T,21,"34,788,739",IFNGR2,intronic
117,rs66922517,21:36714980:TATGCAA:T,21,"36,714,980","RUNX1(dist=293386),LOC100506403(dist=29819)",intergenic
118,rs1893592,21:43855067:A:C,21,"43,855,067",UBASH3A,intronic
119,rs11454989,21:45709161:A:AC,21,"45,709,161",AIRE,intronic
120,rs5754100,22:21916166:T:C,22,"21,916,166",UBE2L3,intronic
121,rs5756407,22:37316259:T:C,22,"37,316,259",CSF2RB,intronic
122,rs2069235,22:39747780:G:A,22,"39,747,780",SYNGR1,intronic